ecephys_session_id,cre_line,full_genotype,session_type,qc_units,optotagged_units
721123822,Pvalb-Cre,Pvalb-IRES-Cre/wt;Ai32(RCL-ChR2(H134R)_EYFP)/wt,brain_observatory_1.1,444,
746083955,Pvalb-Cre,Pvalb-IRES-Cre/wt;Ai32(RCL-ChR2(H134R)_EYFP)/wt,brain_observatory_1.1,582,
760345702,Pvalb-Cre,Pvalb-IRES-Cre/wt;Ai32(RCL-ChR2(H134R)_EYFP)/wt,brain_observatory_1.1,501,
773418906,Pvalb-Cre,Pvalb-IRES-Cre/wt;Ai32(RCL-ChR2(H134R)_EYFP)/wt,brain_observatory_1.1,546,
797828357,Pvalb-Cre,Pvalb-IRES-Cre/wt;Ai32(RCL-ChR2(H134R)_EYFP)/wt,brain_observatory_1.1,611,
829720705,Pvalb-Cre,Pvalb-IRES-Cre/wt;Ai32(RCL-ChR2(H134R)_EYFP)/wt,functional_connectivity,529,
839557629,Pvalb-Cre,Pvalb-IRES-Cre/wt;Ai32(RCL-ChR2(H134R)_EYFP)/wt,functional_connectivity,450,
840012044,Pvalb-Cre,Pvalb-IRES-Cre/wt;Ai32(RCL-ChR2(H134R)_EYFP)/wt,functional_connectivity,758,
715093703,Sst-Cre,Sst-IRES-Cre/wt;Ai32(RCL-ChR2(H134R)_EYFP)/wt,brain_observatory_1.1,884,
719161530,Sst-Cre,Sst-IRES-Cre/wt;Ai32(RCL-ChR2(H134R)_EYFP)/wt,brain_observatory_1.1,755,
756029989,Sst-Cre,Sst-IRES-Cre/wt;Ai32(RCL-ChR2(H134R)_EYFP)/wt,brain_observatory_1.1,684,
758798717,Sst-Cre,Sst-IRES-Cre/wt;Ai32(RCL-ChR2(H134R)_EYFP)/wt,brain_observatory_1.1,593,
760693773,Sst-Cre,Sst-IRES-Cre/wt;Ai32(RCL-ChR2(H134R)_EYFP)/wt,brain_observatory_1.1,826,
762602078,Sst-Cre,Sst-IRES-Cre/wt;Ai32(RCL-ChR2(H134R)_EYFP)/wt,brain_observatory_1.1,531,
786091066,Sst-Cre,Sst-IRES-Cre/wt;Ai32(RCL-ChR2(H134R)_EYFP)/wt,functional_connectivity,700,
787025148,Sst-Cre,Sst-IRES-Cre/wt;Ai32(RCL-ChR2(H134R)_EYFP)/wt,functional_connectivity,696,
789848216,Sst-Cre,Sst-IRES-Cre/wt;Ai32(RCL-ChR2(H134R)_EYFP)/wt,functional_connectivity,415,
794812542,Sst-Cre,Sst-IRES-Cre/wt;Ai32(RCL-ChR2(H134R)_EYFP)/wt,functional_connectivity,1005,
831882777,Sst-Cre,Sst-IRES-Cre/wt;Ai32(RCL-ChR2(H134R)_EYFP)/wt,functional_connectivity,657,
839068429,Sst-Cre,Sst-IRES-Cre/wt;Ai32(RCL-ChR2(H134R)_EYFP)/wt,functional_connectivity,742,
751348571,Vip-Cre,Vip-IRES-Cre/wt;Ai32(RCL-ChR2(H134R)_EYFP)/wt,brain_observatory_1.1,859,
755434585,Vip-Cre,Vip-IRES-Cre/wt;Ai32(RCL-ChR2(H134R)_EYFP)/wt,brain_observatory_1.1,650,
762120172,Vip-Cre,Vip-IRES-Cre/wt;Ai32(RCL-ChR2(H134R)_EYFP)/wt,brain_observatory_1.1,717,
791319847,Vip-Cre,Vip-IRES-Cre/wt;Ai32(RCL-ChR2(H134R)_EYFP)/wt,brain_observatory_1.1,555,
798911424,Vip-Cre,Vip-IRES-Cre/wt;Ai32(RCL-ChR2(H134R)_EYFP)/wt,brain_observatory_1.1,825,
816200189,Vip-Cre,Vip-IRES-Cre/wt;Ai32(RCL-ChR2(H134R)_EYFP)/wt,functional_connectivity,634,
819701982,Vip-Cre,Vip-IRES-Cre/wt;Ai32(RCL-ChR2(H134R)_EYFP)/wt,functional_connectivity,585,
835479236,Vip-Cre,Vip-IRES-Cre/wt;Ai32(RCL-ChR2(H134R)_EYFP)/wt,functional_connectivity,582,
